-- RWC Delivers — Seed Data
-- All 15 Redwood City partner restaurants with real menu data
-- Prices in cents

-- ============================================================
-- DELIVERY ZONE (Downtown Redwood City ~3 mile radius)
-- ============================================================

INSERT INTO delivery_zones (id, name, polygon, is_active) VALUES (
  '00000000-0000-0000-0000-000000000001',
  'Downtown Redwood City',
  '{"type":"Polygon","coordinates":[[[-122.2800,37.5100],[-122.1950,37.5100],[-122.1950,37.4550],[-122.2800,37.4550],[-122.2800,37.5100]]]}',
  true
);

-- ============================================================
-- RESTAURANTS
-- ============================================================

-- 1. La Viga
INSERT INTO restaurants (id, slug, name, description, cuisine_tags, address, phone, lat, lng, rating, review_count, price_range, default_prep_time_min) VALUES
('10000000-0000-0000-0000-000000000001', 'la-viga', 'La Viga Seafood & Cocina Mexicana', 'Named after La Viga, Mexico City''s massive seafood market. Coastal Mexican flavors with modern California touches. MICHELIN Recommended since 2015.', ARRAY['Mexican','Seafood'], '1772 Broadway', '(650) 679-8141', 37.4863, -122.2275, 4.2, 2008, '$$', 30);

-- 2. MAZRA
INSERT INTO restaurants (id, slug, name, description, cuisine_tags, address, phone, lat, lng, rating, review_count, price_range, default_prep_time_min) VALUES
('10000000-0000-0000-0000-000000000002', 'mazra', 'MAZRA', 'Authentic Levantine and Mediterranean dishes prepared over 100% mesquite wood fire. Tapas-style, vibrant, meant to be shared. James Beard Semifinalist 2025.', ARRAY['Mediterranean','BBQ'], '2021 Broadway Street', '(650) 503-8440', 37.4879, -122.2297, 4.5, 1043, '$$', 25);

-- 3. Nomadic Kitchen
INSERT INTO restaurants (id, slug, name, description, cuisine_tags, address, phone, lat, lng, rating, review_count, price_range, default_prep_time_min) VALUES
('10000000-0000-0000-0000-000000000003', 'nomadic-kitchen', 'Nomadic Kitchen', 'Turkish cuisine with the highest Yelp rating in Redwood City. Authentic flavors featuring pides, kebabs, and mezze.', ARRAY['Turkish','Mediterranean'], '2086 Broadway', '(650) 362-4594', 37.4882, -122.2301, 4.9, 240, '$$', 25);

-- 4. Vesta
INSERT INTO restaurants (id, slug, name, description, cuisine_tags, address, phone, lat, lng, rating, review_count, price_range, default_prep_time_min) VALUES
('10000000-0000-0000-0000-000000000004', 'vesta', 'Vesta', 'Handcrafted wood-fired pizzas and dynamic small plates since 2012. Quirky Neapolitan pizzas with California-influenced toppings.', ARRAY['Pizza','Italian'], '2022 Broadway', '(650) 362-5052', 37.4878, -122.2296, 4.5, 2611, '$$', 20);

-- 5. Timber & Salt
INSERT INTO restaurants (id, slug, name, description, cuisine_tags, address, phone, lat, lng, rating, review_count, price_range, default_prep_time_min) VALUES
('10000000-0000-0000-0000-000000000005', 'timber-and-salt', 'Timber & Salt', 'New American steaks and craft cocktails. Seasonal California comfort food in an upscale yet approachable setting.', ARRAY['American','Steaks'], '881 Middlefield Rd', '(650) 362-3777', 37.4815, -122.2321, 4.5, 536, '$$$', 35);

-- 6. Donato Enoteca
INSERT INTO restaurants (id, slug, name, description, cuisine_tags, address, phone, lat, lng, rating, review_count, price_range, default_prep_time_min) VALUES
('10000000-0000-0000-0000-000000000006', 'donato-enoteca', 'Donato Enoteca', 'Modern Italian wine bar featuring handmade pastas, wood-fired dishes, and an extensive Italian wine list. Weekly rotating menus.', ARRAY['Italian','Wine Bar'], '1041 Middlefield Road', '(650) 701-1000', 37.4826, -122.2328, 3.8, 1107, '$$-$$$', 30);

-- 7. Angelicas
INSERT INTO restaurants (id, slug, name, description, cuisine_tags, address, phone, lat, lng, rating, review_count, price_range, default_prep_time_min) VALUES
('10000000-0000-0000-0000-000000000007', 'angelicas', 'Angelicas', 'California-Latin fusion on Main Street. Vibrant flavors, fresh ingredients, and creative cocktails in a lively atmosphere.', ARRAY['California','Latin'], '863 Main Street', '(650) 679-8184', 37.4845, -122.2299, 4.2, 1395, '$$-$$$', 30);

-- 8. Broadway Masala
INSERT INTO restaurants (id, slug, name, description, cuisine_tags, address, phone, lat, lng, rating, review_count, price_range, default_prep_time_min) VALUES
('10000000-0000-0000-0000-000000000008', 'broadway-masala', 'Broadway Masala', 'Regional Indian cuisine recognized by the Michelin Guide four times. Authentic spices and traditional recipes.', ARRAY['Indian'], '2397 Broadway St', '(650) 369-9000', 37.4897, -122.2324, 4.3, 1112, '$$', 25);

-- 9. Hurrica
INSERT INTO restaurants (id, slug, name, description, cuisine_tags, address, phone, lat, lng, rating, review_count, price_range, default_prep_time_min) VALUES
('10000000-0000-0000-0000-000000000009', 'hurrica', 'Hurrica', 'Seafood and live-fire hearth cooking on the waterfront. TripAdvisor #1 in Redwood City, top 1% worldwide.', ARRAY['Seafood','American'], '150 Northpoint Ct', '(650) 499-4858', 37.4960, -122.2280, 4.4, 524, '$$$', 35);

-- 10. Pamilya
INSERT INTO restaurants (id, slug, name, description, cuisine_tags, address, phone, lat, lng, rating, review_count, price_range, default_prep_time_min) VALUES
('10000000-0000-0000-0000-000000000010', 'pamilya', 'Pamilya', 'Authentic Filipino cuisine bringing family recipes to Redwood City. Comforting, flavorful dishes from the Philippines.', ARRAY['Filipino'], '756 Woodside Rd', '(650) 362-4166', 37.4605, -122.2349, 4.5, 119, '$$', 25);

-- 11. La Fonda
INSERT INTO restaurants (id, slug, name, description, cuisine_tags, address, phone, lat, lng, rating, review_count, price_range, default_prep_time_min) VALUES
('10000000-0000-0000-0000-000000000011', 'la-fonda', 'La Fonda De Los Carnalitos', 'Authentic Mexico City-style Mexican cuisine. Traditional family recipes with signature mole poblano.', ARRAY['Mexican'], '820 Veterans Blvd', '(650) 362-3069', 37.4790, -122.2195, 4.5, 323, '$$', 25);

-- 12. Pizzeria Cardamomo
INSERT INTO restaurants (id, slug, name, description, cuisine_tags, address, phone, lat, lng, rating, review_count, price_range, default_prep_time_min) VALUES
('10000000-0000-0000-0000-000000000012', 'pizzeria-cardamomo', 'Pizzeria Cardamomo', 'Neapolitan-style sourdough pizza and handmade pasta on Broadway. Traditional Italian recipes with a modern touch.', ARRAY['Italian','Pizza'], '2053A Broadway', '(650) 629-4193', 37.4880, -122.2298, 4.5, 239, '$$', 20);

-- 13. Mistral
INSERT INTO restaurants (id, slug, name, description, cuisine_tags, address, phone, lat, lng, rating, review_count, price_range, default_prep_time_min) VALUES
('10000000-0000-0000-0000-000000000013', 'mistral', 'Mistral', 'Mediterranean-influenced New American on the waterfront with stunning views. Oak-fired pizzas and seasonal menus.', ARRAY['American','Fine Dining'], '370 Bridge Parkway', '(650) 802-9222', 37.5020, -122.2240, 4.2, 618, '$$$', 40);

-- 14. BAO
INSERT INTO restaurants (id, slug, name, description, cuisine_tags, address, phone, lat, lng, rating, review_count, price_range, default_prep_time_min) VALUES
('10000000-0000-0000-0000-000000000014', 'bao', 'BAO', 'Cantonese dim sum and traditional Chinese dishes on Broadway. Handmade dumplings, bao, and classic favorites.', ARRAY['Chinese','Dim Sum'], '2050 Broadway', '(650) 257-7058', 37.4879, -122.2297, 4.0, 208, '$$', 20);

-- 15. Limon
INSERT INTO restaurants (id, slug, name, description, cuisine_tags, address, phone, lat, lng, rating, review_count, price_range, default_prep_time_min) VALUES
('10000000-0000-0000-0000-000000000015', 'limon', 'Limon', 'Peruvian cuisine featuring ceviche, rotisserie chicken, lomo saltado, and traditional dishes from Peru.', ARRAY['Peruvian'], '885 Middlefield Rd', '(650) 502-8800', 37.4816, -122.2322, 4.0, 226, '$$', 25);

-- ============================================================
-- RESTAURANT HOURS
-- day_of_week: 0=Sunday, 1=Monday ... 6=Saturday
-- ============================================================

-- La Viga: Mon-Thu 11:30-14:30 + 16:30-20:30, Fri 11:30-21:30, Sat 11:30-21:30, Sun 11:30-20:00
INSERT INTO restaurant_hours (restaurant_id, day_of_week, open_time, close_time) VALUES
('10000000-0000-0000-0000-000000000001', 0, '11:30', '20:00'),
('10000000-0000-0000-0000-000000000001', 1, '11:30', '14:30'),
('10000000-0000-0000-0000-000000000001', 1, '16:30', '20:30'),
('10000000-0000-0000-0000-000000000001', 2, '11:30', '14:30'),
('10000000-0000-0000-0000-000000000001', 2, '16:30', '20:30'),
('10000000-0000-0000-0000-000000000001', 3, '11:30', '14:30'),
('10000000-0000-0000-0000-000000000001', 3, '16:30', '20:30'),
('10000000-0000-0000-0000-000000000001', 4, '11:30', '14:30'),
('10000000-0000-0000-0000-000000000001', 4, '16:30', '20:30'),
('10000000-0000-0000-0000-000000000001', 5, '11:30', '21:30'),
('10000000-0000-0000-0000-000000000001', 6, '11:30', '21:30');

-- MAZRA: Closed Monday, Tue-Sun 11:00-21:00
INSERT INTO restaurant_hours (restaurant_id, day_of_week, open_time, close_time) VALUES
('10000000-0000-0000-0000-000000000002', 0, '11:00', '21:00'),
('10000000-0000-0000-0000-000000000002', 2, '11:00', '21:00'),
('10000000-0000-0000-0000-000000000002', 3, '11:00', '21:00'),
('10000000-0000-0000-0000-000000000002', 4, '11:00', '21:00'),
('10000000-0000-0000-0000-000000000002', 5, '11:00', '21:00'),
('10000000-0000-0000-0000-000000000002', 6, '11:00', '21:00');

-- Nomadic Kitchen: Closed Tuesday, Mon+Wed-Sun 11:00-21:00
INSERT INTO restaurant_hours (restaurant_id, day_of_week, open_time, close_time) VALUES
('10000000-0000-0000-0000-000000000003', 0, '11:00', '21:00'),
('10000000-0000-0000-0000-000000000003', 1, '11:00', '21:00'),
('10000000-0000-0000-0000-000000000003', 3, '11:00', '21:00'),
('10000000-0000-0000-0000-000000000003', 4, '11:00', '21:00'),
('10000000-0000-0000-0000-000000000003', 5, '11:00', '21:00'),
('10000000-0000-0000-0000-000000000003', 6, '11:00', '21:00');

-- Vesta: Closed Sunday, Mon-Sat 11:00-21:00
INSERT INTO restaurant_hours (restaurant_id, day_of_week, open_time, close_time) VALUES
('10000000-0000-0000-0000-000000000004', 1, '11:00', '21:00'),
('10000000-0000-0000-0000-000000000004', 2, '11:00', '21:00'),
('10000000-0000-0000-0000-000000000004', 3, '11:00', '21:00'),
('10000000-0000-0000-0000-000000000004', 4, '11:00', '21:00'),
('10000000-0000-0000-0000-000000000004', 5, '11:00', '21:00'),
('10000000-0000-0000-0000-000000000004', 6, '11:00', '21:00');

-- Timber & Salt: Closed Mon+Sun, Tue-Thu 11:30-14:30+17:00-21:00, Fri 11:30-14:30+17:00-22:00, Sat 17:00-22:00
INSERT INTO restaurant_hours (restaurant_id, day_of_week, open_time, close_time) VALUES
('10000000-0000-0000-0000-000000000005', 2, '11:30', '14:30'),
('10000000-0000-0000-0000-000000000005', 2, '17:00', '21:00'),
('10000000-0000-0000-0000-000000000005', 3, '11:30', '14:30'),
('10000000-0000-0000-0000-000000000005', 3, '17:00', '21:00'),
('10000000-0000-0000-0000-000000000005', 4, '11:30', '14:30'),
('10000000-0000-0000-0000-000000000005', 4, '17:00', '21:00'),
('10000000-0000-0000-0000-000000000005', 5, '11:30', '14:30'),
('10000000-0000-0000-0000-000000000005', 5, '17:00', '22:00'),
('10000000-0000-0000-0000-000000000005', 6, '17:00', '22:00');

-- Donato Enoteca: Mon-Thu 11:30-14:00+17:00-21:00, Fri-Sat 11:30-16:00+17:00-21:45, Sun 11:30-16:00+17:00-21:00
INSERT INTO restaurant_hours (restaurant_id, day_of_week, open_time, close_time) VALUES
('10000000-0000-0000-0000-000000000006', 0, '11:30', '16:00'),
('10000000-0000-0000-0000-000000000006', 0, '17:00', '21:00'),
('10000000-0000-0000-0000-000000000006', 1, '11:30', '14:00'),
('10000000-0000-0000-0000-000000000006', 1, '17:00', '21:00'),
('10000000-0000-0000-0000-000000000006', 2, '11:30', '14:00'),
('10000000-0000-0000-0000-000000000006', 2, '17:00', '21:00'),
('10000000-0000-0000-0000-000000000006', 3, '11:30', '14:00'),
('10000000-0000-0000-0000-000000000006', 3, '17:00', '21:00'),
('10000000-0000-0000-0000-000000000006', 4, '11:30', '14:00'),
('10000000-0000-0000-0000-000000000006', 4, '17:00', '21:00'),
('10000000-0000-0000-0000-000000000006', 5, '11:30', '16:00'),
('10000000-0000-0000-0000-000000000006', 5, '17:00', '21:45'),
('10000000-0000-0000-0000-000000000006', 6, '11:30', '16:00'),
('10000000-0000-0000-0000-000000000006', 6, '17:00', '21:45');

-- Angelicas: Closed Mon, Tue-Fri 08:00-14:30+16:00-21:00(21:30 Fri-Sat), Sat-Sun brunch+dinner
INSERT INTO restaurant_hours (restaurant_id, day_of_week, open_time, close_time) VALUES
('10000000-0000-0000-0000-000000000007', 0, '08:00', '14:00'),
('10000000-0000-0000-0000-000000000007', 0, '16:00', '20:00'),
('10000000-0000-0000-0000-000000000007', 2, '08:00', '14:30'),
('10000000-0000-0000-0000-000000000007', 2, '16:00', '21:00'),
('10000000-0000-0000-0000-000000000007', 3, '08:00', '14:30'),
('10000000-0000-0000-0000-000000000007', 3, '16:00', '21:00'),
('10000000-0000-0000-0000-000000000007', 4, '08:00', '14:30'),
('10000000-0000-0000-0000-000000000007', 4, '16:00', '21:00'),
('10000000-0000-0000-0000-000000000007', 5, '08:00', '14:30'),
('10000000-0000-0000-0000-000000000007', 5, '16:00', '21:30'),
('10000000-0000-0000-0000-000000000007', 6, '08:00', '14:30'),
('10000000-0000-0000-0000-000000000007', 6, '16:00', '21:30');

-- Broadway Masala: Mon-Thu 11:30-14:30+17:00-21:30, Fri 11:30-14:30+17:00-22:00, Sat 11:30-15:00+17:00-22:00, Sun 11:30-15:00+17:00-21:30
INSERT INTO restaurant_hours (restaurant_id, day_of_week, open_time, close_time) VALUES
('10000000-0000-0000-0000-000000000008', 0, '11:30', '15:00'),
('10000000-0000-0000-0000-000000000008', 0, '17:00', '21:30'),
('10000000-0000-0000-0000-000000000008', 1, '11:30', '14:30'),
('10000000-0000-0000-0000-000000000008', 1, '17:00', '21:30'),
('10000000-0000-0000-0000-000000000008', 2, '11:30', '14:30'),
('10000000-0000-0000-0000-000000000008', 2, '17:00', '21:30'),
('10000000-0000-0000-0000-000000000008', 3, '11:30', '14:30'),
('10000000-0000-0000-0000-000000000008', 3, '17:00', '21:30'),
('10000000-0000-0000-0000-000000000008', 4, '11:30', '14:30'),
('10000000-0000-0000-0000-000000000008', 4, '17:00', '21:30'),
('10000000-0000-0000-0000-000000000008', 5, '11:30', '14:30'),
('10000000-0000-0000-0000-000000000008', 5, '17:00', '22:00'),
('10000000-0000-0000-0000-000000000008', 6, '11:30', '15:00'),
('10000000-0000-0000-0000-000000000008', 6, '17:00', '22:00');

-- Hurrica: Wed-Sun, dinner hours vary
INSERT INTO restaurant_hours (restaurant_id, day_of_week, open_time, close_time) VALUES
('10000000-0000-0000-0000-000000000009', 0, '11:00', '20:30'),
('10000000-0000-0000-0000-000000000009', 3, '11:00', '20:30'),
('10000000-0000-0000-0000-000000000009', 4, '11:00', '21:30'),
('10000000-0000-0000-0000-000000000009', 5, '11:00', '21:30'),
('10000000-0000-0000-0000-000000000009', 6, '11:00', '21:30');

-- Pamilya: Closed Mon, Tue-Sun 11:00-20:00
INSERT INTO restaurant_hours (restaurant_id, day_of_week, open_time, close_time) VALUES
('10000000-0000-0000-0000-000000000010', 0, '11:00', '20:00'),
('10000000-0000-0000-0000-000000000010', 2, '11:00', '20:00'),
('10000000-0000-0000-0000-000000000010', 3, '11:00', '20:00'),
('10000000-0000-0000-0000-000000000010', 4, '11:00', '20:00'),
('10000000-0000-0000-0000-000000000010', 5, '11:00', '20:00'),
('10000000-0000-0000-0000-000000000010', 6, '11:00', '20:00');

-- La Fonda: Mon-Sat 10:00-21:00, Sun 10:00-22:00
INSERT INTO restaurant_hours (restaurant_id, day_of_week, open_time, close_time) VALUES
('10000000-0000-0000-0000-000000000011', 0, '10:00', '22:00'),
('10000000-0000-0000-0000-000000000011', 1, '10:00', '21:00'),
('10000000-0000-0000-0000-000000000011', 2, '10:00', '21:00'),
('10000000-0000-0000-0000-000000000011', 3, '10:00', '21:00'),
('10000000-0000-0000-0000-000000000011', 4, '10:00', '21:00'),
('10000000-0000-0000-0000-000000000011', 5, '10:00', '21:00'),
('10000000-0000-0000-0000-000000000011', 6, '10:00', '21:00');

-- Pizzeria Cardamomo: Closed Mon, Tue-Thu 11:00-15:00+17:00-21:00, Fri-Sat 11:00-22:00, Sun 11:00-21:00
INSERT INTO restaurant_hours (restaurant_id, day_of_week, open_time, close_time) VALUES
('10000000-0000-0000-0000-000000000012', 0, '11:00', '21:00'),
('10000000-0000-0000-0000-000000000012', 2, '11:00', '15:00'),
('10000000-0000-0000-0000-000000000012', 2, '17:00', '21:00'),
('10000000-0000-0000-0000-000000000012', 3, '11:00', '15:00'),
('10000000-0000-0000-0000-000000000012', 3, '17:00', '21:00'),
('10000000-0000-0000-0000-000000000012', 4, '11:00', '15:00'),
('10000000-0000-0000-0000-000000000012', 4, '17:00', '21:00'),
('10000000-0000-0000-0000-000000000012', 5, '11:00', '22:00'),
('10000000-0000-0000-0000-000000000012', 6, '11:00', '22:00');

-- Mistral: Closed Sun, Mon-Thu 16:30-20:00, Fri-Sat 16:30-21:00
INSERT INTO restaurant_hours (restaurant_id, day_of_week, open_time, close_time) VALUES
('10000000-0000-0000-0000-000000000013', 1, '16:30', '20:00'),
('10000000-0000-0000-0000-000000000013', 2, '16:30', '20:00'),
('10000000-0000-0000-0000-000000000013', 3, '16:30', '20:00'),
('10000000-0000-0000-0000-000000000013', 4, '16:30', '20:00'),
('10000000-0000-0000-0000-000000000013', 5, '16:30', '21:00'),
('10000000-0000-0000-0000-000000000013', 6, '16:30', '21:00');

-- BAO: Daily 11:30-14:30+17:00-21:30
INSERT INTO restaurant_hours (restaurant_id, day_of_week, open_time, close_time) VALUES
('10000000-0000-0000-0000-000000000014', 0, '11:30', '14:30'),
('10000000-0000-0000-0000-000000000014', 0, '17:00', '21:30'),
('10000000-0000-0000-0000-000000000014', 1, '11:30', '14:30'),
('10000000-0000-0000-0000-000000000014', 1, '17:00', '21:30'),
('10000000-0000-0000-0000-000000000014', 2, '11:30', '14:30'),
('10000000-0000-0000-0000-000000000014', 2, '17:00', '21:30'),
('10000000-0000-0000-0000-000000000014', 3, '11:30', '14:30'),
('10000000-0000-0000-0000-000000000014', 3, '17:00', '21:30'),
('10000000-0000-0000-0000-000000000014', 4, '11:30', '14:30'),
('10000000-0000-0000-0000-000000000014', 4, '17:00', '21:30'),
('10000000-0000-0000-0000-000000000014', 5, '11:30', '14:30'),
('10000000-0000-0000-0000-000000000014', 5, '17:00', '21:30'),
('10000000-0000-0000-0000-000000000014', 6, '11:30', '14:30'),
('10000000-0000-0000-0000-000000000014', 6, '17:00', '21:30');

-- Limon: Sun-Thu 11:30-21:30, Fri-Sat 11:30-22:30
INSERT INTO restaurant_hours (restaurant_id, day_of_week, open_time, close_time) VALUES
('10000000-0000-0000-0000-000000000015', 0, '11:30', '21:30'),
('10000000-0000-0000-0000-000000000015', 1, '11:30', '21:30'),
('10000000-0000-0000-0000-000000000015', 2, '11:30', '21:30'),
('10000000-0000-0000-0000-000000000015', 3, '11:30', '21:30'),
('10000000-0000-0000-0000-000000000015', 4, '11:30', '21:30'),
('10000000-0000-0000-0000-000000000015', 5, '11:30', '22:30'),
('10000000-0000-0000-0000-000000000015', 6, '11:30', '22:30');

-- ============================================================
-- MENU CATEGORIES AND ITEMS
-- All prices in cents
-- ============================================================

-- ---- LA VIGA ----
INSERT INTO menu_categories (id, restaurant_id, name, sort_order) VALUES
('c1000001-0000-0000-0000-000000000000', '10000000-0000-0000-0000-000000000001', 'Appetizers', 0),
('c1000002-0000-0000-0000-000000000000', '10000000-0000-0000-0000-000000000001', 'Tacos', 1),
('c1000003-0000-0000-0000-000000000000', '10000000-0000-0000-0000-000000000001', 'Enchiladas', 2),
('c1000004-0000-0000-0000-000000000000', '10000000-0000-0000-0000-000000000001', 'Entrees', 3);

INSERT INTO menu_items (id, restaurant_id, category_id, name, description, price, sort_order) VALUES
('b1000001-0000-0000-0000-000000000000', '10000000-0000-0000-0000-000000000001', 'c1000001-0000-0000-0000-000000000000', 'Guacamole', 'Ripe avocado, onions, cilantro, serrano, tomato, lime juice, queso fresco, totopos & chile de arbol sauce', 800, 0),
('b1000002-0000-0000-0000-000000000000', '10000000-0000-0000-0000-000000000001', 'c1000001-0000-0000-0000-000000000000', 'Sampler Platter', 'Empanada de mariscos, crispy coconut prawn, side of fried calamari', 1900, 1),
('b1000003-0000-0000-0000-000000000000', '10000000-0000-0000-0000-000000000001', 'c1000001-0000-0000-0000-000000000000', 'Sauteed Octopus', 'Octopus, calamari, chorizo, fennel with chile arbol sauce, served over toasted bread and black bean spread', 1200, 2),
('b1000004-0000-0000-0000-000000000000', '10000000-0000-0000-0000-000000000001', 'c1000002-0000-0000-0000-000000000000', 'Tacos (3)', 'Homemade corn tortillas with your choice of protein', 1500, 0),
('b1000005-0000-0000-0000-000000000000', '10000000-0000-0000-0000-000000000001', 'c1000003-0000-0000-0000-000000000000', 'Veggie Enchiladas', '2 homemade tortillas, guajillo enchilada sauce, queso fresco, cream, cheese, rice & black bean puree', 1800, 0),
('b1000006-0000-0000-0000-000000000000', '10000000-0000-0000-0000-000000000001', 'c1000003-0000-0000-0000-000000000000', 'Steak Enchiladas', 'Same preparation with steak', 2500, 1),
('b1000007-0000-0000-0000-000000000000', '10000000-0000-0000-0000-000000000001', 'c1000003-0000-0000-0000-000000000000', 'Shrimp Enchiladas', 'Same preparation with shrimp', 2700, 2),
('b1000008-0000-0000-0000-000000000000', '10000000-0000-0000-0000-000000000001', 'c1000003-0000-0000-0000-000000000000', 'Seafood Enchiladas', 'Same preparation with mixed seafood', 2900, 3),
('b1000009-0000-0000-0000-000000000000', '10000000-0000-0000-0000-000000000001', 'c1000004-0000-0000-0000-000000000000', 'Grilled Skirt Steak', 'With poblano garlic mashed potatoes, brussels sprouts, chimichurri sauce', 3000, 0),
('b1000010-0000-0000-0000-000000000000', '10000000-0000-0000-0000-000000000001', 'c1000004-0000-0000-0000-000000000000', 'Blackened Atlantic Salmon', 'Salmon filet with butternut squash', 2900, 1),
('b1000011-0000-0000-0000-000000000000', '10000000-0000-0000-0000-000000000001', 'c1000004-0000-0000-0000-000000000000', 'Grilled Wild Mahi-Mahi', 'Mahi-mahi fillet', 3000, 2);

-- Taco protein modifier
INSERT INTO modifier_groups (id, menu_item_id, name, is_required, min_selections, max_selections) VALUES
('a0100001-0000-0000-0000-000000000000', 'b1000004-0000-0000-0000-000000000000', 'Choose Protein', true, 1, 1);
INSERT INTO modifier_options (modifier_group_id, name, price_delta, sort_order) VALUES
('a0100001-0000-0000-0000-000000000000', 'Asada', 0, 0),
('a0100001-0000-0000-0000-000000000000', 'Cochinita', 0, 1),
('a0100001-0000-0000-0000-000000000000', 'Pollo', 0, 2),
('a0100001-0000-0000-0000-000000000000', 'Camaron', 200, 3),
('a0100001-0000-0000-0000-000000000000', 'Pescado', 200, 4),
('a0100001-0000-0000-0000-000000000000', 'Salmon', 400, 5);

-- ---- MAZRA ----
INSERT INTO menu_categories (id, restaurant_id, name, sort_order) VALUES
('c2000001-0000-0000-0000-000000000000', '10000000-0000-0000-0000-000000000002', 'Appetizers / Mezza', 0),
('c2000002-0000-0000-0000-000000000000', '10000000-0000-0000-0000-000000000002', 'Wraps', 1),
('c2000003-0000-0000-0000-000000000000', '10000000-0000-0000-0000-000000000002', 'Plates', 2),
('c2000004-0000-0000-0000-000000000000', '10000000-0000-0000-0000-000000000002', 'Beverages', 3);

INSERT INTO menu_items (id, restaurant_id, category_id, name, description, price, sort_order) VALUES
('b2000001-0000-0000-0000-000000000000', '10000000-0000-0000-0000-000000000002', 'c2000001-0000-0000-0000-000000000000', 'Heirloom Cauliflower', 'With lemon tahini dressing', 1400, 0),
('b2000002-0000-0000-0000-000000000000', '10000000-0000-0000-0000-000000000002', 'c2000001-0000-0000-0000-000000000000', 'Falafel', 'Freshly ground chickpeas, herbs & spices; served with hot sauce & tahini', 1200, 1),
('b2000003-0000-0000-0000-000000000000', '10000000-0000-0000-0000-000000000002', 'c2000001-0000-0000-0000-000000000000', 'Halloumi Rolls', 'Halloumi cheese wrapped in phyllo pastry dough, served with spiced honey', 1400, 2),
('b2000004-0000-0000-0000-000000000000', '10000000-0000-0000-0000-000000000002', 'c2000002-0000-0000-0000-000000000000', 'Chicken Shawarma Wrap', 'With tzatziki, tomato, onions, pickles & fries', 1600, 0),
('b2000005-0000-0000-0000-000000000000', '10000000-0000-0000-0000-000000000002', 'c2000003-0000-0000-0000-000000000000', 'Chicken Shawarma Plate', 'Crispy thin slices of chicken with basmati rice, hot sauce, garlic toum sauce, pita bread & 2 sides', 2400, 0),
('b2000006-0000-0000-0000-000000000000', '10000000-0000-0000-0000-000000000002', 'c2000003-0000-0000-0000-000000000000', 'Double Kebab Plate', 'Beef and lamb kebab (signature)', 2800, 1),
('b2000007-0000-0000-0000-000000000000', '10000000-0000-0000-0000-000000000002', 'c2000003-0000-0000-0000-000000000000', 'Grilled Salmon Plate', 'Grilled salmon with basmati rice and sides', 3500, 2),
('b2000008-0000-0000-0000-000000000000', '10000000-0000-0000-0000-000000000002', 'c2000004-0000-0000-0000-000000000000', 'Mint Lemonade', 'Refreshing house-made mint lemonade', 600, 0);

-- ---- NOMADIC KITCHEN ----
INSERT INTO menu_categories (id, restaurant_id, name, sort_order) VALUES
('c3000001-0000-0000-0000-000000000000', '10000000-0000-0000-0000-000000000003', 'Salads & Soups', 0),
('c3000002-0000-0000-0000-000000000000', '10000000-0000-0000-0000-000000000003', 'Mezze', 1),
('c3000003-0000-0000-0000-000000000000', '10000000-0000-0000-0000-000000000003', 'Pides', 2),
('c3000004-0000-0000-0000-000000000000', '10000000-0000-0000-0000-000000000003', 'Kebabs', 3),
('c3000005-0000-0000-0000-000000000000', '10000000-0000-0000-0000-000000000003', 'Desserts', 4);

INSERT INTO menu_items (id, restaurant_id, category_id, name, description, price, sort_order) VALUES
('b3000001-0000-0000-0000-000000000000', '10000000-0000-0000-0000-000000000003', 'c3000001-0000-0000-0000-000000000000', 'Red Lentil Soup', 'Traditional Turkish lentil soup', 950, 0),
('b3000002-0000-0000-0000-000000000000', '10000000-0000-0000-0000-000000000003', 'c3000001-0000-0000-0000-000000000000', 'Chickpea Salad', 'Fresh chickpea salad', 950, 1),
('b3000003-0000-0000-0000-000000000000', '10000000-0000-0000-0000-000000000003', 'c3000002-0000-0000-0000-000000000000', 'Hummus', 'Classic hummus', 1010, 0),
('b3000004-0000-0000-0000-000000000000', '10000000-0000-0000-0000-000000000003', 'c3000002-0000-0000-0000-000000000000', 'Babaganoush', 'Smoky roasted eggplant dip', 1010, 1),
('b3000005-0000-0000-0000-000000000000', '10000000-0000-0000-0000-000000000003', 'c3000002-0000-0000-0000-000000000000', 'Mezze Combination', 'Four spreads with pita', 1725, 2),
('b3000006-0000-0000-0000-000000000000', '10000000-0000-0000-0000-000000000003', 'c3000003-0000-0000-0000-000000000000', 'Cheese Pide', 'Turkish flatbread with cheese', 1665, 0),
('b3000007-0000-0000-0000-000000000000', '10000000-0000-0000-0000-000000000003', 'c3000003-0000-0000-0000-000000000000', 'Spicy Spinach Pide', 'Turkish flatbread with spicy spinach', 1965, 1),
('b3000008-0000-0000-0000-000000000000', '10000000-0000-0000-0000-000000000003', 'c3000003-0000-0000-0000-000000000000', 'Turkish Sucuk & Cheese Pide', 'With spiced sausage and cheese', 1845, 2),
('b3000009-0000-0000-0000-000000000000', '10000000-0000-0000-0000-000000000003', 'c3000004-0000-0000-0000-000000000000', 'Chicken Kebab', 'With salad and rice', 2250, 0),
('b3000010-0000-0000-0000-000000000000', '10000000-0000-0000-0000-000000000003', 'c3000004-0000-0000-0000-000000000000', 'Kofte Kebab', 'With salad and rice', 2450, 1),
('b3000011-0000-0000-0000-000000000000', '10000000-0000-0000-0000-000000000003', 'c3000004-0000-0000-0000-000000000000', 'Lamb Kebab', 'With salad and rice', 2450, 2),
('b3000012-0000-0000-0000-000000000000', '10000000-0000-0000-0000-000000000003', 'c3000005-0000-0000-0000-000000000000', 'Rice Pudding', 'Traditional Turkish rice pudding', 715, 0);

-- ---- VESTA ----
INSERT INTO menu_categories (id, restaurant_id, name, sort_order) VALUES
('c4000001-0000-0000-0000-000000000000', '10000000-0000-0000-0000-000000000004', 'Small Plates', 0),
('c4000002-0000-0000-0000-000000000000', '10000000-0000-0000-0000-000000000004', 'Red Pies', 1),
('c4000003-0000-0000-0000-000000000000', '10000000-0000-0000-0000-000000000004', 'White Pies', 2),
('c4000004-0000-0000-0000-000000000000', '10000000-0000-0000-0000-000000000004', 'Desserts', 3);

INSERT INTO menu_items (id, restaurant_id, category_id, name, description, price, sort_order) VALUES
('b4000001-0000-0000-0000-000000000000', '10000000-0000-0000-0000-000000000004', 'c4000001-0000-0000-0000-000000000000', 'Grilled Carrots', 'Cilantro, paprika, cumin, garlic, lemon yogurt', 1000, 0),
('b4000002-0000-0000-0000-000000000000', '10000000-0000-0000-0000-000000000004', 'c4000001-0000-0000-0000-000000000000', 'Burrata Plate', 'Fresh burrata, fleur de sel, grilled bread', 1300, 1),
('b4000003-0000-0000-0000-000000000000', '10000000-0000-0000-0000-000000000004', 'c4000001-0000-0000-0000-000000000000', 'Pork Meatballs', 'Arugula, jalapeno aioli, parmigiano reggiano', 1400, 2),
('b4000004-0000-0000-0000-000000000000', '10000000-0000-0000-0000-000000000004', 'c4000001-0000-0000-0000-000000000000', 'Charcuterie', 'Salame rosa, soppressata, prosciutto americano, marinated olives', 1600, 3),
('b4000005-0000-0000-0000-000000000000', '10000000-0000-0000-0000-000000000004', 'c4000002-0000-0000-0000-000000000000', 'Margherita', 'Tomato sauce, fresh mozzarella, basil, olive oil', 2100, 0),
('b4000006-0000-0000-0000-000000000000', '10000000-0000-0000-0000-000000000004', 'c4000002-0000-0000-0000-000000000000', 'Pepperoni', 'Tomato sauce, pepperoni, fresh mozzarella, calabrian chili honey', 2700, 1),
('b4000007-0000-0000-0000-000000000000', '10000000-0000-0000-0000-000000000004', 'c4000002-0000-0000-0000-000000000000', 'Sausage & Honey', 'Spicy Italian sausage, mascarpone, honey, serrano chili (SIGNATURE)', 2700, 2),
('b4000008-0000-0000-0000-000000000000', '10000000-0000-0000-0000-000000000004', 'c4000003-0000-0000-0000-000000000000', 'Carbonara', 'Mascarpone, pecorino, farm egg, applewood smoked bacon', 2300, 0),
('b4000009-0000-0000-0000-000000000000', '10000000-0000-0000-0000-000000000004', 'c4000004-0000-0000-0000-000000000000', 'Mexican Chocolate Bread Pudding', 'Rich chocolate bread pudding', 1000, 0),
('b4000010-0000-0000-0000-000000000000', '10000000-0000-0000-0000-000000000004', 'c4000004-0000-0000-0000-000000000000', 'Basque Cheesecake', 'Burnt Basque-style cheesecake', 1300, 1);

-- ---- TIMBER & SALT ----
INSERT INTO menu_categories (id, restaurant_id, name, sort_order) VALUES
('c5000001-0000-0000-0000-000000000000', '10000000-0000-0000-0000-000000000005', 'Starters', 0),
('c5000002-0000-0000-0000-000000000000', '10000000-0000-0000-0000-000000000005', 'Entrees', 1),
('c5000003-0000-0000-0000-000000000000', '10000000-0000-0000-0000-000000000005', 'Desserts', 2);

INSERT INTO menu_items (id, restaurant_id, category_id, name, description, price, sort_order) VALUES
('b5000001-0000-0000-0000-000000000000', '10000000-0000-0000-0000-000000000005', 'c5000001-0000-0000-0000-000000000000', 'Warm Marinated Olives', '', 600, 0),
('b5000002-0000-0000-0000-000000000000', '10000000-0000-0000-0000-000000000005', 'c5000001-0000-0000-0000-000000000000', 'Kennebec Fries', '', 700, 1),
('b5000003-0000-0000-0000-000000000000', '10000000-0000-0000-0000-000000000005', 'c5000001-0000-0000-0000-000000000000', 'Buffalo Cauliflower', '', 1300, 2),
('b5000004-0000-0000-0000-000000000000', '10000000-0000-0000-0000-000000000005', 'c5000001-0000-0000-0000-000000000000', 'Blackened Gulf Shrimp Tacos (2)', '', 1300, 3),
('b5000005-0000-0000-0000-000000000000', '10000000-0000-0000-0000-000000000005', 'c5000002-0000-0000-0000-000000000000', 'Timber & Salt Burger', '', 2400, 0),
('b5000006-0000-0000-0000-000000000000', '10000000-0000-0000-0000-000000000005', 'c5000002-0000-0000-0000-000000000000', 'Curried Fried Chicken', '', 2900, 1),
('b5000007-0000-0000-0000-000000000000', '10000000-0000-0000-0000-000000000005', 'c5000002-0000-0000-0000-000000000000', 'Petit Filet Mignon', '', 3800, 2),
('b5000008-0000-0000-0000-000000000000', '10000000-0000-0000-0000-000000000005', 'c5000002-0000-0000-0000-000000000000', 'Center Cut Norwegian Salmon', '', 3800, 3),
('b5000009-0000-0000-0000-000000000000', '10000000-0000-0000-0000-000000000005', 'c5000003-0000-0000-0000-000000000000', 'Chocolate Chip Cheesecake', '', 1400, 0),
('b5000010-0000-0000-0000-000000000000', '10000000-0000-0000-0000-000000000005', 'c5000003-0000-0000-0000-000000000000', 'Chocolate Brownie', 'With vanilla ice cream', 1200, 1);

-- ---- DONATO ENOTECA ----
INSERT INTO menu_categories (id, restaurant_id, name, sort_order) VALUES
('c6000001-0000-0000-0000-000000000000', '10000000-0000-0000-0000-000000000006', 'Lunch', 0),
('c6000002-0000-0000-0000-000000000000', '10000000-0000-0000-0000-000000000006', 'Dinner', 1),
('c6000003-0000-0000-0000-000000000000', '10000000-0000-0000-0000-000000000006', 'Desserts', 2);

INSERT INTO menu_items (id, restaurant_id, category_id, name, description, price, sort_order) VALUES
('b6000001-0000-0000-0000-000000000000', '10000000-0000-0000-0000-000000000006', 'c6000001-0000-0000-0000-000000000000', 'Panini', 'Daily selection', 1800, 0),
('b6000002-0000-0000-0000-000000000000', '10000000-0000-0000-0000-000000000006', 'c6000001-0000-0000-0000-000000000000', 'Classic Pasta Bolognese', '', 1800, 1),
('b6000003-0000-0000-0000-000000000000', '10000000-0000-0000-0000-000000000006', 'c6000001-0000-0000-0000-000000000000', 'Pizza al Padellino', 'Deep dish-style Torinese pizza', 1800, 2),
('b6000004-0000-0000-0000-000000000000', '10000000-0000-0000-0000-000000000006', 'c6000002-0000-0000-0000-000000000000', 'Ravioletti Amatriciana', '', 1600, 0),
('b6000005-0000-0000-0000-000000000000', '10000000-0000-0000-0000-000000000006', 'c6000002-0000-0000-0000-000000000000', 'Spinach & Mascarpone Cannelloni', '', 1800, 1),
('b6000006-0000-0000-0000-000000000000', '10000000-0000-0000-0000-000000000006', 'c6000002-0000-0000-0000-000000000000', '4-Course Tasting Menu', '', 5400, 2),
('b6000007-0000-0000-0000-000000000000', '10000000-0000-0000-0000-000000000006', 'c6000003-0000-0000-0000-000000000000', 'Housemade Gelato', 'Seasonal flavor', 1100, 0);

-- ---- ANGELICAS ----
INSERT INTO menu_categories (id, restaurant_id, name, sort_order) VALUES
('c7000001-0000-0000-0000-000000000000', '10000000-0000-0000-0000-000000000007', 'Small Plates', 0),
('c7000002-0000-0000-0000-000000000000', '10000000-0000-0000-0000-000000000007', 'Entrees', 1);

INSERT INTO menu_items (id, restaurant_id, category_id, name, description, price, sort_order) VALUES
('b7000001-0000-0000-0000-000000000000', '10000000-0000-0000-0000-000000000007', 'c7000001-0000-0000-0000-000000000000', 'Corn Tortilla Chips & Salsa', '', 700, 0),
('b7000002-0000-0000-0000-000000000000', '10000000-0000-0000-0000-000000000007', 'c7000001-0000-0000-0000-000000000000', 'Elotes', '3 grilled corn', 900, 1),
('b7000003-0000-0000-0000-000000000000', '10000000-0000-0000-0000-000000000007', 'c7000001-0000-0000-0000-000000000000', 'Angus Beef Sliders (3)', '', 1400, 2),
('b7000004-0000-0000-0000-000000000000', '10000000-0000-0000-0000-000000000007', 'c7000001-0000-0000-0000-000000000000', 'Black Bean Empanadas (3)', '', 1500, 3),
('b7000005-0000-0000-0000-000000000000', '10000000-0000-0000-0000-000000000007', 'c7000001-0000-0000-0000-000000000000', 'Tamarindo Chicken Wings', '', 1600, 4),
('b7000006-0000-0000-0000-000000000000', '10000000-0000-0000-0000-000000000007', 'c7000001-0000-0000-0000-000000000000', 'Ceviche Peruano', '', 1900, 5),
('b7000007-0000-0000-0000-000000000000', '10000000-0000-0000-0000-000000000007', 'c7000002-0000-0000-0000-000000000000', 'Grilled Salmon', '', 3200, 0),
('b7000008-0000-0000-0000-000000000000', '10000000-0000-0000-0000-000000000007', 'c7000002-0000-0000-0000-000000000000', 'Bone-In Ribeye (18oz)', '', 4500, 1);

-- ---- BROADWAY MASALA ----
INSERT INTO menu_categories (id, restaurant_id, name, sort_order) VALUES
('c8000001-0000-0000-0000-000000000000', '10000000-0000-0000-0000-000000000008', 'Appetizers', 0),
('c8000002-0000-0000-0000-000000000000', '10000000-0000-0000-0000-000000000008', 'Vegetarian Entrees', 1),
('c8000003-0000-0000-0000-000000000000', '10000000-0000-0000-0000-000000000008', 'Non-Vegetarian Entrees', 2);

INSERT INTO menu_items (id, restaurant_id, category_id, name, description, price, sort_order) VALUES
('b8000001-0000-0000-0000-000000000000', '10000000-0000-0000-0000-000000000008', 'c8000001-0000-0000-0000-000000000000', 'Spiced Potato & Pea Turnovers', 'Samosas', 1395, 0),
('b8000002-0000-0000-0000-000000000000', '10000000-0000-0000-0000-000000000008', 'c8000001-0000-0000-0000-000000000000', 'Lotus Root Patties', '', 1795, 1),
('b8000003-0000-0000-0000-000000000000', '10000000-0000-0000-0000-000000000008', 'c8000002-0000-0000-0000-000000000000', 'Lahsooni Saag', 'With rice and naan', 1795, 0),
('b8000004-0000-0000-0000-000000000000', '10000000-0000-0000-0000-000000000008', 'c8000002-0000-0000-0000-000000000000', 'Paneer Tawa Masala', 'With rice and naan', 1795, 1),
('b8000005-0000-0000-0000-000000000000', '10000000-0000-0000-0000-000000000008', 'c8000002-0000-0000-0000-000000000000', 'Garbanzo Beans Curry', 'With rice and naan', 1795, 2),
('b8000006-0000-0000-0000-000000000000', '10000000-0000-0000-0000-000000000008', 'c8000003-0000-0000-0000-000000000000', 'Butter Chicken', 'With rice and naan', 1895, 0),
('b8000007-0000-0000-0000-000000000000', '10000000-0000-0000-0000-000000000008', 'c8000003-0000-0000-0000-000000000000', 'Chicken Thighs with Garam Masala', 'With rice and naan', 1895, 1),
('b8000008-0000-0000-0000-000000000000', '10000000-0000-0000-0000-000000000008', 'c8000003-0000-0000-0000-000000000000', 'Lamb Roganjosh', 'With rice and naan', 2095, 2);

-- ---- HURRICA ----
INSERT INTO menu_categories (id, restaurant_id, name, sort_order) VALUES
('c9000001-0000-0000-0000-000000000000', '10000000-0000-0000-0000-000000000009', 'Raw Bar', 0),
('c9000002-0000-0000-0000-000000000000', '10000000-0000-0000-0000-000000000009', 'Small Plates', 1),
('c9000003-0000-0000-0000-000000000000', '10000000-0000-0000-0000-000000000009', 'Hearth Entrees', 2);

INSERT INTO menu_items (id, restaurant_id, category_id, name, description, price, sort_order) VALUES
('b9000001-0000-0000-0000-000000000000', '10000000-0000-0000-0000-000000000009', 'c9000001-0000-0000-0000-000000000000', 'Baked Miyagi Oyster', '', 600, 0),
('b9000002-0000-0000-0000-000000000000', '10000000-0000-0000-0000-000000000009', 'c9000001-0000-0000-0000-000000000000', 'Mendocino Uni', '', 1000, 1),
('b9000003-0000-0000-0000-000000000000', '10000000-0000-0000-0000-000000000009', 'c9000001-0000-0000-0000-000000000000', 'Live Sea Scallop', '', 1200, 2),
('b9000004-0000-0000-0000-000000000000', '10000000-0000-0000-0000-000000000009', 'c9000002-0000-0000-0000-000000000000', 'Warm Milk Bread', '', 800, 0),
('b9000005-0000-0000-0000-000000000000', '10000000-0000-0000-0000-000000000009', 'c9000002-0000-0000-0000-000000000000', 'Shellfish Chowder', '', 1600, 1),
('b9000006-0000-0000-0000-000000000000', '10000000-0000-0000-0000-000000000009', 'c9000002-0000-0000-0000-000000000000', 'Lobster Ravioli', '', 2100, 2),
('b9000007-0000-0000-0000-000000000000', '10000000-0000-0000-0000-000000000009', 'c9000003-0000-0000-0000-000000000000', 'Seared Yellowtail Jack', '', 3900, 0),
('b9000008-0000-0000-0000-000000000000', '10000000-0000-0000-0000-000000000009', 'c9000003-0000-0000-0000-000000000000', 'Pan-Roasted Black Cod', '', 4200, 1),
('b9000009-0000-0000-0000-000000000000', '10000000-0000-0000-0000-000000000009', 'c9000003-0000-0000-0000-000000000000', 'Slow-Roasted Pork Chop', '', 4500, 2),
('b9000010-0000-0000-0000-000000000000', '10000000-0000-0000-0000-000000000009', 'c9000003-0000-0000-0000-000000000000', 'Whole-Roasted Dorade', 'Feeds 2-3', 4800, 3);

-- ---- PAMILYA ----
INSERT INTO menu_categories (id, restaurant_id, name, sort_order) VALUES
('ca000001-0000-0000-0000-000000000000', '10000000-0000-0000-0000-000000000010', 'Appetizers', 0),
('ca000002-0000-0000-0000-000000000000', '10000000-0000-0000-0000-000000000010', 'Silog Breakfasts', 1),
('ca000003-0000-0000-0000-000000000000', '10000000-0000-0000-0000-000000000010', 'Entree Bowls', 2);

INSERT INTO menu_items (id, restaurant_id, category_id, name, description, price, sort_order) VALUES
('ba000001-0000-0000-0000-000000000000', '10000000-0000-0000-0000-000000000010', 'ca000001-0000-0000-0000-000000000000', 'Steamed Dumplings (4 pcs)', '', 549, 0),
('ba000002-0000-0000-0000-000000000000', '10000000-0000-0000-0000-000000000010', 'ca000001-0000-0000-0000-000000000000', 'Pork & Shrimp Lumpia (5 pcs)', '', 719, 1),
('ba000003-0000-0000-0000-000000000000', '10000000-0000-0000-0000-000000000010', 'ca000002-0000-0000-0000-000000000000', 'Longanisa Silog', 'With garlic rice, eggs, ensalada, atchara', 1995, 0),
('ba000004-0000-0000-0000-000000000000', '10000000-0000-0000-0000-000000000010', 'ca000002-0000-0000-0000-000000000000', 'Pork Tocino Silog', 'With garlic rice, eggs, ensalada, atchara', 1995, 1),
('ba000005-0000-0000-0000-000000000000', '10000000-0000-0000-0000-000000000010', 'ca000002-0000-0000-0000-000000000000', 'Fried Milkfish Silog', 'With garlic rice, eggs, ensalada, atchara', 1995, 2),
('ba000006-0000-0000-0000-000000000000', '10000000-0000-0000-0000-000000000010', 'ca000003-0000-0000-0000-000000000000', 'Crispy Pork Sisig', 'With rice, salad & pickled veggies', 2089, 0),
('ba000007-0000-0000-0000-000000000000', '10000000-0000-0000-0000-000000000010', 'ca000003-0000-0000-0000-000000000000', 'Sinigang Soup Cup', '', 1499, 1);

-- ---- LA FONDA ----
INSERT INTO menu_categories (id, restaurant_id, name, sort_order) VALUES
('cb000001-0000-0000-0000-000000000000', '10000000-0000-0000-0000-000000000011', 'Appetizers', 0),
('cb000002-0000-0000-0000-000000000000', '10000000-0000-0000-0000-000000000011', 'Main Dishes', 1),
('cb000003-0000-0000-0000-000000000000', '10000000-0000-0000-0000-000000000011', 'Tacos', 2);

INSERT INTO menu_items (id, restaurant_id, category_id, name, description, price, sort_order) VALUES
('bb000001-0000-0000-0000-000000000000', '10000000-0000-0000-0000-000000000011', 'cb000001-0000-0000-0000-000000000000', 'Choriqueso', 'Melted cheese with chorizo', 1300, 0),
('bb000002-0000-0000-0000-000000000000', '10000000-0000-0000-0000-000000000011', 'cb000001-0000-0000-0000-000000000000', 'Taquitos de Papa', 'Crispy potato taquitos', 1100, 1),
('bb000003-0000-0000-0000-000000000000', '10000000-0000-0000-0000-000000000011', 'cb000002-0000-0000-0000-000000000000', 'Mole Poblano', 'Signature mole with rice, beans, tortillas', 2000, 0),
('bb000004-0000-0000-0000-000000000000', '10000000-0000-0000-0000-000000000011', 'cb000002-0000-0000-0000-000000000000', 'Chile Relleno', 'With rice, beans, tortillas', 2000, 1),
('bb000005-0000-0000-0000-000000000000', '10000000-0000-0000-0000-000000000011', 'cb000002-0000-0000-0000-000000000000', 'Gorditas', 'With rice, beans, tortillas', 1900, 2),
('bb000006-0000-0000-0000-000000000000', '10000000-0000-0000-0000-000000000011', 'cb000002-0000-0000-0000-000000000000', 'Pozole', '', 2200, 3),
('bb000007-0000-0000-0000-000000000000', '10000000-0000-0000-0000-000000000011', 'cb000003-0000-0000-0000-000000000000', 'Pork Belly Tacos', '', 1100, 0);

-- ---- PIZZERIA CARDAMOMO ----
INSERT INTO menu_categories (id, restaurant_id, name, sort_order) VALUES
('cc000001-0000-0000-0000-000000000000', '10000000-0000-0000-0000-000000000012', 'Antipasti', 0),
('cc000002-0000-0000-0000-000000000000', '10000000-0000-0000-0000-000000000012', 'Pizzas', 1),
('cc000003-0000-0000-0000-000000000000', '10000000-0000-0000-0000-000000000012', 'Pasta', 2),
('cc000004-0000-0000-0000-000000000000', '10000000-0000-0000-0000-000000000012', 'Desserts', 3);

INSERT INTO menu_items (id, restaurant_id, category_id, name, description, price, sort_order) VALUES
('bc000001-0000-0000-0000-000000000000', '10000000-0000-0000-0000-000000000012', 'cc000001-0000-0000-0000-000000000000', 'Marinated Taggiasca Olives', '', 1300, 0),
('bc000002-0000-0000-0000-000000000000', '10000000-0000-0000-0000-000000000012', 'cc000001-0000-0000-0000-000000000000', 'Arancini Cacio e Pepe', '', 1400, 1),
('bc000003-0000-0000-0000-000000000000', '10000000-0000-0000-0000-000000000012', 'cc000001-0000-0000-0000-000000000000', 'Meatballs', '', 1500, 2),
('bc000004-0000-0000-0000-000000000000', '10000000-0000-0000-0000-000000000012', 'cc000002-0000-0000-0000-000000000000', 'Margherita', 'Sourdough crust', 2300, 0),
('bc000005-0000-0000-0000-000000000000', '10000000-0000-0000-0000-000000000012', 'cc000002-0000-0000-0000-000000000000', 'Salsiccia', '', 2800, 1),
('bc000006-0000-0000-0000-000000000000', '10000000-0000-0000-0000-000000000012', 'cc000002-0000-0000-0000-000000000000', 'Bronte (Pistachio)', '', 2800, 2),
('bc000007-0000-0000-0000-000000000000', '10000000-0000-0000-0000-000000000012', 'cc000002-0000-0000-0000-000000000000', 'Spicy Pepperoni with Honey', '', 2800, 3),
('bc000008-0000-0000-0000-000000000000', '10000000-0000-0000-0000-000000000012', 'cc000002-0000-0000-0000-000000000000', 'Carbonara', '', 2900, 4),
('bc000009-0000-0000-0000-000000000000', '10000000-0000-0000-0000-000000000012', 'cc000003-0000-0000-0000-000000000000', 'Tagliatelle Bolognese', '', 2700, 0),
('bc000010-0000-0000-0000-000000000000', '10000000-0000-0000-0000-000000000012', 'cc000004-0000-0000-0000-000000000000', 'Tiramisu Classic', '', 1200, 0);

-- ---- MISTRAL ----
INSERT INTO menu_categories (id, restaurant_id, name, sort_order) VALUES
('cd000001-0000-0000-0000-000000000000', '10000000-0000-0000-0000-000000000013', 'Starters', 0),
('cd000002-0000-0000-0000-000000000000', '10000000-0000-0000-0000-000000000013', 'Entrees', 1);

INSERT INTO menu_items (id, restaurant_id, category_id, name, description, price, sort_order) VALUES
('bd000001-0000-0000-0000-000000000000', '10000000-0000-0000-0000-000000000013', 'cd000001-0000-0000-0000-000000000000', 'Oak Fire Baked Focaccia', '', 500, 0),
('bd000002-0000-0000-0000-000000000000', '10000000-0000-0000-0000-000000000013', 'cd000001-0000-0000-0000-000000000000', 'Mediterranean Mezze Sampler', '', 1500, 1),
('bd000003-0000-0000-0000-000000000000', '10000000-0000-0000-0000-000000000013', 'cd000001-0000-0000-0000-000000000000', 'Calamari with Rock Shrimp & Zucchini', '', 1500, 2),
('bd000004-0000-0000-0000-000000000000', '10000000-0000-0000-0000-000000000013', 'cd000001-0000-0000-0000-000000000000', 'Crispy Fritto Misto', '', 1700, 3),
('bd000005-0000-0000-0000-000000000000', '10000000-0000-0000-0000-000000000013', 'cd000002-0000-0000-0000-000000000000', 'Pappardelle Pasta', '', 3000, 0),
('bd000006-0000-0000-0000-000000000000', '10000000-0000-0000-0000-000000000013', 'cd000002-0000-0000-0000-000000000000', 'Citrus Risotto', '', 3900, 1);

-- ---- BAO ----
INSERT INTO menu_categories (id, restaurant_id, name, sort_order) VALUES
('ce000001-0000-0000-0000-000000000000', '10000000-0000-0000-0000-000000000014', 'Dim Sum & Dumplings', 0),
('ce000002-0000-0000-0000-000000000000', '10000000-0000-0000-0000-000000000014', 'Entrees', 1);

INSERT INTO menu_items (id, restaurant_id, category_id, name, description, price, sort_order) VALUES
('be000001-0000-0000-0000-000000000000', '10000000-0000-0000-0000-000000000014', 'ce000001-0000-0000-0000-000000000000', 'Shanghai Xiao Long Bao (6)', '', 1250, 0),
('be000002-0000-0000-0000-000000000000', '10000000-0000-0000-0000-000000000014', 'ce000001-0000-0000-0000-000000000000', 'Steamed Pork & Shrimp Shumai (4)', '', 1050, 1),
('be000003-0000-0000-0000-000000000000', '10000000-0000-0000-0000-000000000014', 'ce000001-0000-0000-0000-000000000000', 'Steamed BBQ Pork Bao (3)', '', 950, 2),
('be000004-0000-0000-0000-000000000000', '10000000-0000-0000-0000-000000000014', 'ce000001-0000-0000-0000-000000000000', 'Pan-Fried Chicken Pot Sticker (5)', '', 1050, 3),
('be000005-0000-0000-0000-000000000000', '10000000-0000-0000-0000-000000000014', 'ce000001-0000-0000-0000-000000000000', 'Spicy Wonton (6)', '', 1100, 4),
('be000006-0000-0000-0000-000000000000', '10000000-0000-0000-0000-000000000014', 'ce000001-0000-0000-0000-000000000000', 'Steamed Sticky Rice in Lotus Leaves', '', 700, 5),
('be000007-0000-0000-0000-000000000000', '10000000-0000-0000-0000-000000000014', 'ce000002-0000-0000-0000-000000000000', 'Honey Walnut Prawn', '', 2600, 0),
('be000008-0000-0000-0000-000000000000', '10000000-0000-0000-0000-000000000014', 'ce000002-0000-0000-0000-000000000000', 'Shanghai Chicken Fried Noodle', '', 2200, 1);

-- ---- LIMON ----
INSERT INTO menu_categories (id, restaurant_id, name, sort_order) VALUES
('cf000001-0000-0000-0000-000000000000', '10000000-0000-0000-0000-000000000015', 'Ceviches', 0),
('cf000002-0000-0000-0000-000000000000', '10000000-0000-0000-0000-000000000015', 'Piqueos', 1),
('cf000003-0000-0000-0000-000000000000', '10000000-0000-0000-0000-000000000015', 'Clasicos', 2);

INSERT INTO menu_items (id, restaurant_id, category_id, name, description, price, sort_order) VALUES
('bf000001-0000-0000-0000-000000000000', '10000000-0000-0000-0000-000000000015', 'cf000001-0000-0000-0000-000000000000', 'Mixto Clasico', 'With choclo, cancha & sweet potato', 2530, 0),
('bf000002-0000-0000-0000-000000000000', '10000000-0000-0000-0000-000000000015', 'cf000001-0000-0000-0000-000000000000', 'Pescado Clasico', 'With choclo, cancha & sweet potato', 2100, 1),
('bf000003-0000-0000-0000-000000000000', '10000000-0000-0000-0000-000000000015', 'cf000002-0000-0000-0000-000000000000', 'Beef Empanada', '', 1400, 0),
('bf000004-0000-0000-0000-000000000000', '10000000-0000-0000-0000-000000000015', 'cf000002-0000-0000-0000-000000000000', 'Chicken Empanadas', '', 1540, 1),
('bf000005-0000-0000-0000-000000000000', '10000000-0000-0000-0000-000000000015', 'cf000002-0000-0000-0000-000000000000', 'Truffle Mac & Cheese', '', 1430, 2),
('bf000006-0000-0000-0000-000000000000', '10000000-0000-0000-0000-000000000015', 'cf000003-0000-0000-0000-000000000000', 'Saltado de Pollo', '', 2600, 0),
('bf000007-0000-0000-0000-000000000000', '10000000-0000-0000-0000-000000000015', 'cf000003-0000-0000-0000-000000000000', 'Lomo Saltado', '', 3400, 1),
('bf000008-0000-0000-0000-000000000000', '10000000-0000-0000-0000-000000000015', 'cf000003-0000-0000-0000-000000000000', 'Platano Frito', 'Fried plantains', 1100, 2);

-- ============================================================
-- TEST CUSTOMER
-- ============================================================
INSERT INTO customers (id, phone, full_name, email, is_guest) VALUES
('20000000-0000-0000-0000-000000000001', '(650) 555-0100', 'Test Customer', 'test@rwcdelivers.com', false);

INSERT INTO addresses (id, customer_id, street, city, zip, lat, lng, label, is_within_zone) VALUES
('30000000-0000-0000-0000-000000000001', '20000000-0000-0000-0000-000000000001', '400 Broadway', 'Redwood City', '94063', 37.4855, -122.2282, 'Home', true);
